keyword,cnt
사랑,330
마음,194
사람,177
행복,174
자신,145
위로,144
인생,126
생각,94
시작,91
독자,88
한국에세이,84
세계,70
상처,70
감정,66
방법,63
용기,61
이유,60
베스트셀러,59
주인공,58
희망,57
엄마,55
가족,54
관계,52
필요,48
친구,48
치유,48
세계고전문학,46
공감,45
성장,45
아이,44
인간관계,43
심리학,43
장편소설,39
누구,39
사건,38
자기,38
시간,37
소설,37
경험,37
가지,36
오늘,36
공부,36
시리즈,36
성공,35
죽음,35
에세이,34
세상,34
여성,34
사회,34
인물,33
부모,33
선택,33
모습,33
최고,32
영화,32
문제,32
이번,31
불안,31
이해,30
현실,29
건강,29
순간,29
사실,29
남자,29
미국,28
문장,28
고민,27
자유,27
한국소설,27
아버지,27
하루,26
처음,26
인간,26
변화,26
비밀,26
당신,26
그림,26
인기,25
시절,25
과정,25
한국,25
시대,25
소중,24
감동,24
이름,24
다양,24
작가,24
습관,23
의미,23
내면,23
일상,23
연애,23
우울,23
타인,22
사이,22
소개,22
우정,22
삶,21
심리,21
선물,21
운명,21
역사,21
특별,20
존재,20
자존감,20
캐릭터,20
기억,20
활동,20
가슴,20
여자,20
생활,20
행동,20
수상작,19
여행,19
부자,19
긍정,19
교양심리,19
철학,19
시인,19
어른,19
질문,19
정보,18
재테크,18
혼자,18
보고,18
신작,18
시선,18
재미,18
소녀,18
미스터리,18
영화원작소설,17
청춘,17
영미소설,17
수상,17
목소리,17
프랑스소설,17
로맨스,17
그림에세이,17
뉴욕타임스,16
청소년,16
물건,16
미래,16
지식,16
경제,16
이별,16
문학,16
교육,16
목표,16
마지막,16
자리,16
평범,15
대화,15
해결,15
로맨스소설,15
진실,15
실천,15
만화,15
언어,15
남편,15
얼마,15
사랑 이야기,15
투자,15
발견,15
표현,15
기분,15
노력,15
동화,15
수도,14
대한민국,14
감성에세이,14
첫사랑,14
과거,14
스트레스,14
도시,14
관심,14
자녀,14
고양이,14
슬픔,14
상상력,14
북펀드참여자내역,14
소년,14
목차끝,14
준비,14
소재,14
드라마,14
일러스트,14
어머니,14
정리,14
완벽,13
할머니,13
전개,13
소리,13
창비,13
책속에서시작,13
정도,13
자기관리,13
마법,13
우울증,13
인문학,13
환경,13
학교,13
스릴러,13
결혼,12
책소개,12
삶의지혜,12
심리치료,12
매일,12
상대,12
2000년대이후한국소설,12
반전,12
미국소설,12
유튜브,12
등장,12
의사,12
일러스트레이터,12
목차시작,12
기대,12
기술,12
대화법,12
한국시,12
환자,12
지혜,12
인정,12
음식,12
눈물,11
점점,11
얼굴,11
졸업,11
도전,11
방식,11
비극,11
프랑스,11
동물,11
전작,11
추억,11
그린,11
연습,11
동시,11
유명,11
섬세,11
의지,11
주제,11
걱정,11
현대시,11
화제,11
결국,11
전문가,11
선사,10
불행,10
아마존,10
생생,10
이웃,10
소설집,10
아이들,10
아내,10
히가시노게이고,10
판타지,10
카드리뷰,10
기욤뮈소,10
청소년소설,10
레시피,10
바탕,10
문학동네,10
탄생,10
성장소설,10
할아버지,10
완성,10
배우,10
육아,10
나이,10
배경,10
평생,10
대학,10
번역,10
시집,10
화가,10
올해,10
대상,10
영국,10
부동산,10
연구,10
2000년대 이후 한국소설,10
아빠,10
코로나,10
